title,comments,age,thread
kodak v corona,13,632.1716503302256,rap
put,25,1742.3216503302256,rap
fastest someone rap able understand every word,0,85.0883169968923,rap
amazon echo tyga edition,0,236.02165033022564,rap
would like see would win hits hits yall got,1,92.32165033022562,rap
top choice massacre perception,0,262.80498366355897,rap
free dababy type beat treat prod runner x humblebee,0,268.604983663559,rap
smokemajor spring clean instrumental,0,166.00498366355896,rap
vince ash text free song artist underrated highly recommend lot people listen gonna huge one day,0,186.50498366355896,rap
dm professional mixing mastering,2,192.0716503302256,rap
insta originaljcthamc info comments,1,425.38831699689234,rap
unknown german rapper animie video,0,223.40498366355897,rap
open mike eagle financial crisis go away,0,12.35498366355896,rap
biggie wu tang bricks prod alloneword,0,245.48831699689228,rap
meek mill x roddy ricch type beat,0,274.80498366355897,rap
pillium pink parker flip official music video masked faces exclusive,0,56.38831699689229,rap
lil freestyle ybn cordae beat let know think https open spotify com track xniex n roilyljwjic si yqw nfbsc n elikhyaq,0,63.88831699689229,rap
best rap albums,0,423.7883169968923,rap
kendrick lamar discord,0,67.80498366355896,rap
collection trap hip hop beats guitar melodies,0,69.65498366355897,rap
oh listen hip hop listen flyting,1,443.0216503302256,rap
key x quadie diesel van halen,0,111.03831699689228,rap
jewelz aint superhero underground soulful music,7,642.4383169968922,rap
kilo bread prod nicasso beats,0,137.38831699689229,rap
posted first full song lyrics days ago second,0,143.32165033022562,rap
georghis let go,0,161.55498366355897,rap
wanna join collective,0,177.10498366355895,rap
ig group rappers producers collab support,0,194.27165033022564,rap
recently made moshpit styled track wondering could get opinions,0,211.02165033022564,rap
stream numbers help quickly stream song spotify streams away k thank,0,222.23831699689228,rap
interesting title,1,450.95498366355895,rap
else got listen cringy ass rapper quarantine,0,246.63831699689229,rap
dumb question somebody new listening rap,3,256.0383169968923,rap
unreleased music folder,1,293.20498366355895,rap
free dababy roddy ricch marlo type beat prod,0,295.8049836635589,rap
kid laroi x lil tjay type beat trap instrumental,0,297.95498366355895,rap
free profit lil uzi vert x tyfontaine type beat,0,304.0383169968923,rap
clinton favorite cole albums,0,306.2716503302256,rap
mgthebest life part,0,308.0549836635589,rap
jadakiss hunting season challenge,0,312.38831699689234,rap
yin yang edit ft milc,0,323.2883169968923,rap
gunna pandemic,1,338.70498366355895,rap
choose fighter,0,343.58831699689233,rap
jings ndthings struggle incelcore,0,347.4216503302256,rap
yung hade drop top official music video,4,373.5216503302256,rap
kid serious potential,0,374.1549836635589,rap
x overrated,0,374.9049836635589,rap
x overrated,0,375.2216503302256,rap
atlanta type beat atl mafia x southside type beat free,0,380.7383169968923,rap
let know thoughts song future music,0,395.1883169968923,rap
hugs thugs hiphop playlist inspired song foolin gunna,0,395.6549836635589,rap
better rapper,0,404.8216503302256,rap
enjoy,0,404.88831699689234,rap
raper tier list,2,408.8716503302256,rap
soundclouds,0,417.4216503302257,rap
support mumble rap,2,420.70498366355895,rap
made suicide awareness track check,0,422.88831699689234,rap
want know cliche shit actually ok,2,654.6716503302256,rap
new playlist spotify new rap hip hop music sure enjoy updated daily well,0,655.2549836635591,rap
apple music new heat playlist hottest rap hip hop,0,431.6216503302256,rap
insta originaljcthamc feel vibe show boy love,0,443.58831699689233,rap
chris webby great rapper like eminem heard songs,0,456.33831699689233,rap
become rapper,1,458.83831699689233,rap
falling lil peep feat xxxtentacion,0,466.75498366355896,rap
go listen song world big pluto,1,830.9883169968922,rap
rod would murder,0,477.1549836635589,rap
follow link meet broth robson de almeida,0,498.38831699689234,rap
letter brandon kai,0,518.5716503302257,rap
new chill rap spotify playlist updated daily rocky cudi travis uzi frank ocean etc,0,531.9216503302256,rap
mc zid hulk old school hip hop beat,0,759.7716503302257,rap
free lil mosey type beat nascar prod kalex,0,548.5049836635591,rap
hi name vicenzino florida love rap formally started rapping uploaded freestyle video youtube recorded shitty mic hope love though sub listen lyrically inclined music thanks sexy mother fuckers vicenzino,0,566.2216503302258,rap
man insaneee many double entendres,0,587.3216503302258,rap
know well respected community missing one hella sketchy made quarantine,0,816.2216503302257,rap
bounce type beat baby da baby x pyrex whippa type beat free,0,608.5549836635589,rap
hey guys im upcoming rapper slowly blowing opinion,5,1247.1716503302255,rap
environmental trap liltimbo mokum au clair de la lune,0,623.4383169968922,rap
dababy type beat beast stunna vegas type beat,0,629.2716503302256,rap
mgk rhyme scheme,1,629.2883169968923,rap
kodak v corona,0,635.854983663559,rap
kodak v corona,0,636.0049836635591,rap
need help coming rap name,1,644.6883169968922,rap
new song help,0,707.1883169968922,rap
got advice new song,1,710.254983663559,rap
eastside westside really make sense,0,725.254983663559,rap
della haze stay home,0,728.5216503302257,rap
playlist babi pacity tribe,0,746.4716503302257,rap
almighty vinz spotify,0,748.504983663559,rap
lockdownbarchallange details video description,0,772.0716503302257,rap
stans,0,778.8216503302257,rap
yo check freestyle dropped like peep others im lookin collabs hmu,0,787.9216503302257,rap
hi guys created instagram account french soon create one us please subscribe,0,789.8383169968922,rap
fw soundcloud,0,820.0216503302257,rap
top feat bill clinton,37,2858.638316996892,rap
tekashi diss track finger jack,0,861.9883169968922,rap
hey guys abit fun bedroom without taking clothes well sorta lemme know ya think enjoy,0,872.7883169968923,rap
song released days ago please check tell think,0,873.0216503302257,rap
u guys know lil dicky brother little dick,0,913.7383169968924,rap
new music,4,1276.1049836635589,rap
wondering someone know sub talk fake rap songs like one,2,1147.8383169968922,rap
potion cover rap mv,0,1149.3716503302255,rap
suggestions,1,1164.9216503302255,rap
ged lute incredibly underrated dropping album year,0,941.8383169968924,rap
bandz music,0,943.104983663559,rap
eminem nf bad person,1,1718.7716503302256,rap
new upcoming rapper malenkiy hutch actually pretty lit,0,1247.8716503302255,rap
listening rock whole life started listening drake lil uzi vert kanye west loving,1,1253.6883169968926,rap
savage lyrical rapper,2,1255.1216503302255,rap
mumble rappers record quarantine,0,1417.6716503302255,rap
coming rapper sweden first music video,0,1109.8216503302256,rap
cop sweet n word pass,1,2445.171650330225,rap
sammy rich trust,0,1118.1383169968924,rap
xxxtentacion influenced modern day rap artists degree,0,1344.954983663559,rap
alright top,4,2216.3716503302257,rap
eminem ups downs story photos indigo music,0,1137.804983663559,rap
clu cruisin prod jellybeatz boom bap,0,1155.054983663559,rap
carti look,0,1196.9383169968926,rap
pierre bourne goin,0,1223.8883169968926,rap
anyone know rest lyrics song raw fusion,0,1252.0216503302256,rap
bizzy bone quarantine episode talks tekashi trippie redd marriage jam tv,0,1257.5883169968922,rap
nsfw song spongebob clapping sandy cheeks,0,1262.7383169968925,rap
dropped new track let know think,0,1272.5883169968922,rap
criticise songs,0,1298.9216503302255,rap
hopsin back covid mansion,1,1960.6383169968924,rap
waitin baby drop like,0,1702.554983663559,rap
better dax ksi,0,1384.0216503302256,rap
eminem best rapper best hip hop artist,16,1942.0716503302256,rap
originally rock singer enjoy rap lot trying work aspect like constructive feedback since something consider particularly good lyrics writing french english skills best,2,1647.804983663559,rap
hour spotify playlist consisting mostly lesser known hip hop picked years updated regularly laidback mostly jazz influenced beats perfect bump park backyard summer,0,2006.054983663559,rap
free polo g x nocap type beat lazy piano type beat,0,1448.204983663559,rap
girls pump,0,1452.6216503302255,rap
even overall top strictly sosa eat beans smoke green,2,1461.1716503302255,rap
try editing tips styles music video projects,0,1469.0383169968925,rap
favourite time rap lyric,4,1706.2216503302254,rap
underrated chill rap songs,0,1486.1216503302255,rap
free gunna x young thug x turbo les prod ayolawd x kylswayyxo,0,1497.1716503302255,rap
unrealeased playboi carti,0,1501.7383169968923,rap
think top still come,2,1738.054983663559,rap
friends made uk drill type song guys think,0,1545.954983663559,rap
free lil tecca x lil mosey x kifykify type beat prod,0,1915.9383169968924,rap
yung hade die one day official music video,0,1786.1216503302255,rap
xwave lava freestyle prod sk r trash,0,1596.8216503302256,rap
young cryptix covid official music video,0,1607.1049836635586,rap
kardashian visuals,0,1616.5883169968924,rap
jack harlow front,0,1634.8549836635586,rap
know guys hate logic clean smooth flow,0,1635.5716503302256,rap
free banger trap beat evil mind banger type beat prod hrit,0,1639.3883169968924,rap
looking someone free style comedy rap track,0,1642.0383169968925,rap
playboi carti pain ft drake visualizer,0,1643.2716503302256,rap
hopsin covid mansion review teen reacts hopsin,0,1671.7216503302254,rap
check lmk whatchu think,0,1685.3383169968924,rap
fake wlr carti leak fire,0,1686.8216503302256,rap
thoughts emo rapper jaebanzz,0,1688.204983663559,rap
un released freestyle sinedthemind lange vergangen prod,0,1696.7216503302254,rap
nancy botwin created passing,0,1934.5383169968925,rap
hey guys girls new would like share content feel one members really underrated please check,0,1734.1216503302255,rap
dababy blame baby album review,0,1738.954983663559,rap
need honest opinion song,1,1742.7216503302254,rap
,2,1746.8383169968924,rap
check free profit beat,0,1781.8383169968924,rap
kadiduzit x lil uzi vert x playboi carti free type beat friendship,0,1781.9716503302254,rap
joe budden ig live morning gives relationship life advice,0,1789.554983663559,rap
joyner lucas type beat inner city prod double,0,1793.8549836635586,rap
attempting homicide speed,0,1800.3883169968924,rap
tokyo drift freestyle played around w sample played around w words drop likes bangs,0,1805.5716503302256,rap
recently made moshpit styled track wondering could get opinions,0,1808.1716503302255,rap
free key glock drake tay keith type beat prod,0,1824.1049836635586,rap
go listen please suport ig narkoriteris,0,1838.9883169968923,rap
better nba youngboy youngboy never broke,0,1842.204983663559,rap
free gunna x roddy ricch x boogie type beat cool guitar type beat,0,1843.6049836635586,rap
jaebanzz willow world,0,1850.7216503302254,rap
street writer episode,0,1854.8549836635586,rap
southern dash west,2,2494.5383169968923,rap
teenagers wanna start political rap collective,4,2332.254983663559,rap
found pewds subreddit,0,1892.5716503302256,rap
saying drake favourite rapper like saying favourite food bread,117,3853.921650330225,rap
kendrick lamar discord server,0,1951.8716503302253,rap
r rugged man introduction official music video,0,1966.1216503302253,rap
free latin type beat instrumental trap guitar maracas,0,1969.054983663559,rap
nf paralyzed piano cover,0,1979.8549836635586,rap
night lovell x suicideboys type beat murasame prod unknwn,0,1991.754983663559,rap
hello brings great discomfort making choose must crown king king rap lil b based god viper,1,2418.004983663559,rap
grizz remue prod soulker,0,2069.054983663559,rap
knowledge death yolo freestyle,0,2073.138316996892,rap
fucking lil xan,0,2089.5383169968923,rap
pop smoke pull,1,2096.888316996892,rap
good duo,2,2098.0216503302263,rap
dababy tory lanez,0,2101.904983663559,rap
weeknd snowchild ft drake,0,2104.5216503302263,rap
fatmike dagod x suave keesha official music video kyng casper,0,2115.0716503302256,rap
dwn earth mutombo slowed reverb,0,2155.2716503302263,rap
r p rap gonna long sorry,28,2686.4383169968924,rap
guys like token,3,2187.9716503302257,rap
made funny song quarantine,0,2194.9716503302257,rap
kinda shitty ngl,0,2654.5216503302263,rap
deep dive,2,2434.738316996892,rap
sentimiento,0,2225.488316996892,rap
stoner rap song made appreciate feedback,0,2244.8716503302257,rap
kooda remix,0,2255.0216503302263,rap
gummo remix,0,2256.504983663559,rap
gotta listen reason,2,2660.954983663559,rap
dear reddit get rapper nf check,4,2316.254983663559,rap
smino new mixtape go crazy anyone listening smino unique artist,0,2327.354983663559,rap
skechers,0,2338.3716503302257,rap
zj del mar ebay coochie,0,2341.554983663559,rap
fire beats pt,0,2357.954983663559,rap
way,0,2361.404983663559,rap
top would included college dropout man moon,0,2394.3716503302257,rap
lil simi animated lyric video findmyway jump,0,2412.421650330225,rap
tee grizzley remember ft yfn lucci acoustic cover,0,2414.0883169968924,rap
thanks lil guillotine featuring mc sole song grassroots organizing vs elections,0,2651.238316996892,rap
help finding new music,3,2428.7883169968923,rap
figured post favorites well,0,2437.171650330225,rap
figured post favorites well,0,2437.6883169968924,rap
eff prod,0,2474.804983663559,rap
song made,1,2701.238316996892,rap
aspiring artist,3,2507.5383169968923,rap
favourite rapper best rapper,40,3349.054983663559,rap
anybody know name joint,1,2515.604983663559,rap
best way get music spotify tiktok apple music etc,0,2526.988316996892,rap
prada codefendant official audio,0,2536.154983663559,rap
mophead tbc official music video,0,2773.7883169968927,rap
weird rap song called dorian gray futuristic sounding beat ever great lyrics,0,2554.9716503302257,rap
emo rap youtube promotion channels submit muisc,0,2605.5716503302256,rap
megan hamilton feat robinson g r e midtempo house rap,1,3217.588316996893,rap
j cole kendrick,3,2663.638316996892,rap
wanna say lil wayne best rapper time,2,2665.0216503302263,rap
mcf breezo x bto gio balenciaga kyng casper,0,2681.754983663559,rap
fresh new hip hop,0,2932.7883169968927,rap
jessejamziii feel ya freestyle,0,2759.988316996892,rap
free lil tecca x juice wrld type beat pillager melodic type beat,0,2764.571650330225,rap
like nf eminem style rap story telling may like channel collaborate artists well let know guys think,0,2785.854983663559,rap
trying get carti production atm really coming self promo looking advice pointers really get anywhere else appreciate support,6,3247.171650330225,rap
chronic spotify,0,2813.804983663559,rap
r b soul hip hop val vicious like star prod rafa,0,2820.204983663559,rap
reggie rare power,0,2825.238316996892,rap
multi million plans happy new project would love feedback,0,2848.388316996892,rap
money new banger,0,2856.2883169968927,rap
rapname,0,2889.3716503302253,rap
joe budden ig live taking q fans friends afternoon,0,2891.988316996892,rap
mike j covid looking feedback track,1,2914.454983663559,rap
teenager music reviews,0,2916.254983663559,rap
joe budden ig live q fans friends afternoon,0,2922.738316996892,rap
yung hade depressed official music video,0,3153.904983663559,rap
push brandon kai hip hop beat cooked available youtube soundcloud follow socials brandonkaimusic,0,2932.704983663559,rap
r rugged man introduction official music video,1,3160.671650330225,rap
rap banger lyrical video,2,3163.438316996893,rap
r rugged man gotta dope ft f r dj jazzy jeff,0,3167.454983663559,rap
waiting since forever chronic spotify,0,3315.104983663559,rap
jid vs world,35,5058.004983663559,rap
unpopular opinion bad dababy flow every song,1,3192.221650330225,rap
collection trap hip hop beats piano melodies,0,2970.6216503302253,rap
panda tokyo drift freestyle,0,2991.588316996893,rap
,0,2994.554983663559,rap
free juice wrld type beat connection sad guitar instrumental bea,0,2997.471650330225,rap
someone put soundlcoud please,0,3016.421650330225,rap
original original official music video,0,3022.6216503302253,rap
bouncin,0,3025.688316996893,rap
someone help write disstrack someone,1,3029.471650330225,rap
complicated truths dr dre chronic,0,3039.104983663559,rap
smoke responsibly,0,3044.8716503302253,rap
something,0,3048.754983663559,rap
lemme put yall,0,3048.971650330225,rap
free playboi carti x unotheactivist type beat vroom prod runner,0,3062.204983663559,rap
okay one travis scott sorry hand drawn portrait,32,4614.121650330226,rap
searching rap acapellas work,0,3084.904983663559,rap
rackz bandicold freestyle,0,3096.938316996893,rap
read,0,3103.488316996892,rap
toronto rap group sounds like migos,0,3343.904983663559,rap
wiz khalifa fr quavo space psychedelic drive music video happy everyone,0,3122.2883169968927,rap
underated songs famous rappers,0,3122.838316996893,rap
free lil spirit x juice wrld x odd mami type beat wasted prod ka,0,3135.838316996893,rap
new da baby,2,3404.304983663559,rap
check want thanks,0,3180.921650330225,rap
put dre albums spotify,0,3184.338316996893,rap
remixed team lorde check lmk whatchu think,0,3188.688316996893,rap
dope rap happy guys,0,3188.954983663559,rap
best live artist rapper please attach prove start discussion,0,3201.088316996893,rap
soon,0,3436.588316996893,rap
golden mean prod photon,1,3215.154983663559,rap
rap fr motivation,0,3218.6216503302253,rap
hero dead review,0,3221.454983663559,rap
slim shady back,0,3222.521650330226,rap
walk ademarlocke available presave,0,3236.721650330225,rap
walk ademar locke pre save link,0,3238.488316996892,rap
lil shifty drop top official audio,0,3250.688316996893,rap
moshpit type music search destroy drop track give opinions,0,3253.854983663559,rap
free youngn lipz toliver key glock type beat,0,3266.354983663559,rap
top time best mc list,1,3286.721650330225,rap
follower sheeps never make g ts check freestyle,0,3290.6216503302253,rap
free jid x dreamville type beat control,0,3296.3716503302253,rap
freddie gibbs pusha,0,3297.3716503302253,rap
higher,0,3299.471650330225,rap
dropped first mixtape spotify please tell think,0,3312.488316996892,rap
ugly god right slowed reverb,0,3322.821650330225,rap
eth beats low aggressive beat,0,3334.654983663559,rap
bad guy kingc,0,3353.321650330225,rap
saga wiz khalifa,1,4040.638316996892,rap
dropped honor put significant time please check,0,3376.304983663559,rap
tremendousx,0,3390.704983663559,rap
example turkish rap,0,3393.071650330225,rap
yung chicken rewired,0,3398.404983663559,rap
behind scene footage tory lanez pain,0,3413.504983663559,rap
writing rap,2,3428.888316996892,rap
idk post lol,0,3436.104983663559,rap
matt marie endless,0,3449.8716503302253,rap
wassuh,0,3453.088316996893,rap
year old spits better new upcoming artist,0,3456.771650330226,rap
official savage discord,0,3458.1216503302253,rap
looking name song,8,3688.521650330226,rap
meh new fav k pop song tbh,0,3689.171650330225,rap
shady lyrics poster,2,4355.704983663559,rap
true,6,4747.121650330226,rap
new song hopsin,0,3482.838316996893,rap
good song tho,0,3489.004983663559,rap
le daron dit song futur album tale fear every,0,3537.0383169968927,rap
southside type beat mafia type beat chapo trap beat,0,3538.6216503302253,rap
weekly r rap coming artists thread post favorite underground artists even,0,3546.588316996893,rap
rapper chile,0,3550.438316996893,rap
trap electronic dada quarantined italy feedback welcome thx,0,3578.321650330225,rap
friend made first song worked really hard wanted help little bit constructive comments views,2,4134.2383169968925,rap
seventh angelo want slowed hz,0,3610.2883169968923,rap
check beat store,0,3623.438316996893,rap
joey bada unorthodox acoustic cover,0,3623.488316996892,rap
lil uzi vert best songs,1,3634.604983663559,rap
new trend,0,3636.704983663559,rap
yung shade ft real back,0,4144.104983663559,rap
track khari never freestyle,0,3709.054983663559,rap
x,0,3710.988316996892,rap
st beat month break uptempo grime trap u think,0,3719.921650330225,rap
ski mask slump god look remix,0,3738.054983663559,rap
chronic available spotify,0,4323.804983663559,rap
make community people share rappers think underrated people also find new artists,1,4279.388316996892,rap
wish could show hip hop figures drawn ig perezosoarts,5,4618.854983663559,rap
free beats rappers,0,3988.638316996892,rap
new trap wave,0,3786.354983663559,rap
similes metaphors wordplay lyrics episode stories behind lyric,0,4163.638316996892,rap
writers block,2,4222.821650330226,rap
rap chill gaming playlist,0,3870.438316996893,rap
mcf trell dividendz official music video kyng casper,0,3882.954983663559,rap
jersey mean,1,3883.771650330226,rap
first full song worth lyrics written far pretty bad thought would post,1,4361.838316996892,rap
need constructive criticism song made thoughts anything change positives like self promoting curious others views,0,3923.7883169968923,rap
issue w todays rap,2,4449.854983663559,rap
dmx best lyrics,0,4171.021650330225,rap
real rap god,1,4801.4883169968925,rap
bbno tokyo drift freestyle,0,4336.388316996892,rap
purple beans,0,3998.954983663559,rap
mad sleazy lockdown aka quarantune,0,4006.054983663559,rap
zootie tape lil zootie,0,4011.3716503302253,rap
xxxtentacion sad song playlist spotify,0,4246.804983663559,rap
klick restart banger,0,4033.2883169968923,rap
came please critique give feedback beat looking stars decided record suggestions beat let know,0,4038.021650330226,rap
wlr soon,0,4066.388316996892,rap
softheart ego death,0,4076.2883169968923,rap
check new review tribe mafia new lp teepee gang,0,4077.521650330226,rap
breaking popular rapper dababy arrested flow every song,67,6415.038316996894,rap
youtube,0,4084.321650330225,rap
someone give new music like listening rap hard beats good example dough key glock thank much,0,4096.754983663559,rap
ap rocky painting sale,0,4102.338316996892,rap
hedgie dance,0,4128.204983663559,rap
got chance work tory lanez,0,4180.538316996893,rap
tryna somethin instead sit house im startin new shit beat challenge spit verse beat tag friends see rap good kingdirtydreads kent da king beatthis beatthischallenge,0,4202.688316996892,rap
mozzy artist uzzy snubbz x guilty,0,4205.604983663559,rap
tell need rap,0,4207.021650330225,rap
xxxtentacion sad song playlist spotify,0,4246.771650330225,rap
xxxtentacion sad song playlist spotify,0,4246.921650330226,rap
songs get motivated secure bag,0,4263.9883169968925,rap
one song years ago goes ooh ooh ooh ah ah ah,0,4264.754983663559,rap
kickback hit go listen,0,4266.004983663559,rap
victor rashad get bag,0,4267.838316996892,rap
white rapper sidekick became breakout sitcom star tv unlikeliest role model,0,4278.771650330225,rap
lonely benz,0,4279.688316996892,rap
freestyle dropped let know u liked,0,4286.771650330225,rap
homeboy sandman hold head,0,4302.304983663559,rap
r rugged man trust ft immortal technique,0,4321.4883169968925,rap
diamond girlz challenge sum bout,0,4328.204983663559,rap
yall got,0,4559.221650330225,rap
spitty lockdown feat n r n,0,4349.221650330225,rap
rap soars record streaming sheeran boost british entertainment billion,0,4368.021650330225,rap
rahsauce spot,0,4372.854983663559,rap
mc big phil stars feat smokemajor,0,4373.871650330226,rap
favourite album song time,1,4376.621650330226,rap
jordan solomon oh oh slowed reverb,0,4376.9883169968925,rap
ramen numerals wine,0,4621.304983663559,rap
thoughts amin,4,4396.388316996892,rap
new song soundcloud please check,0,4416.171650330226,rap
freestyle banned instagram tv,0,4644.821650330226,rap
need lil uzi vert,0,4652.838316996892,rap
yo get every rap fan hate,0,4435.2383169968925,rap
free freestyle type beat never mind free type beat rap trap beat,0,4467.504983663559,rap
free travis scott x ap rocky x drake type beat benz fantom trap instrumental,0,4505.888316996892,rap
fire new song boys,0,4508.104983663559,rap
hrs pure hip hop updated daily,0,4560.471650330225,rap
moshpit type music search destroy drop track give opinions,0,4579.821650330226,rap
live harry mack freestyles using words live chat stream consciousness,0,4599.604983663559,rap
searching similar rap songs flow right rap scene movie widows please post every good track think,0,4613.354983663559,rap
willing mix master song,0,4616.854983663559,rap
check rap hip hop playlist hours best rap game rn,0,4626.888316996892,rap
new post instagram,0,4636.121650330226,rap
bass boost songs like kinda distorted,3,4645.704983663559,rap
free dababy roddy ricch gunna type beat prod,0,4651.071650330226,rap
kodak black transportin acoustic cover,0,4667.388316996892,rap
ratchets fighting blueface ig live video shoot,1,5124.721650330225,rap
free capital bra x samra type beat summertime sad x emotional piano rap beat,1,4673.688316996892,rap
made song rapped one favourite beats dr dre forgot dre please check let know think,0,4678.154983663559,rap
black never listened album,0,4690.121650330226,rap
young cryptix night,0,4918.571650330226,rap
future codeine crazy acoustic cover,0,4919.104983663559,rap
would make day someone wanted check beat thanks,0,4702.304983663559,rap
sixthells x prompto type beat quinque prod unknwn,0,4703.371650330226,rap
future type beat flutez southside type beat mafia type beat,0,4949.7383169968925,rap
wu tang popular,7,5309.138316996892,rap
joe budden ig live morning qs kinky talk,0,4733.371650330226,rap
months track somewhat different taste hope enjoy,0,4756.221650330225,rap
collection trap hip hop beats guitar melodies,0,4766.138316996892,rap
almost everyone using autotune,1,4773.721650330225,rap
diamond jewels mar noel hip hop,0,4774.354983663559,rap
help go viral good bad reasons help get simplicity rap,3,4785.604983663559,rap
discover horrific story guy met satan,1,4786.221650330225,rap
run brother nick music fire,1,4811.288316996893,rap
hot rn,4,4815.421650330226,rap
sveji boyz au revoir,1,4824.571650330226,rap
hey know english speakers got give man shot canserbero one g sure,0,4845.404983663559,rap
big chops superhero rap prod young maker,0,4850.671650330226,rap
new willie bobo ft timmy shelltoes yet,0,4854.921650330226,rap
blue ivy carter gives adorable hand washing psa instagram keep us safe coronavirus pandemic,0,4882.4883169968925,rap
hey hey hey brothas listen flow,0,4903.604983663559,rap
rap name,2,4925.2383169968925,rap
anyone screenshots realn atumblr ap yam blog peso purple swag launched thanks,0,4980.221650330225,rap
ty fontaine imagine,0,4984.871650330226,rap
logic feat dwn earth ocd,0,4997.588316996892,rap
robson de almeida afa spotify,0,4998.304983663559,rap
old school chill beats nice flow,0,5001.554983663559,rap
free lil uzi vert x kifykify type beat world prod kalex,0,5051.554983663559,rap
first time seeing tracklist mtbmb,1,5688.4049836635595,rap
become anonymous ghostwriter,8,5507.438316996892,rap
check new sound,0,5058.754983663559,rap
fatboy slim vs mario bros super champion sound scratch mix,0,5065.638316996892,rap
released song day ago still pre new making music go check,1,5431.221650330225,rap
anime raps,1,5077.538316996893,rap
dave x aj tracey thiago silva,0,5110.421650330226,rap
isolation creation,0,5151.188316996892,rap
check,0,5168.721650330225,rap
need help,2,5174.304983663559,rap
discord please read created discoed rappers producers anyone interest hip hop place share lyrics self promote get help inspiration please join community stay safe,0,5186.338316996892,rap
mobb deep hell earth,2,5204.704983663559,rap
looking white uk rapper whose name forgot,0,5206.271650330225,rap
oh god bigmacs prod cychic,0,5216.121650330226,rap
redbullnext bars,0,5218.121650330226,rap
urban legend best rapper ever italy,3,5222.421650330226,rap
bigmacs figlio di cassandra full ep swarmuzik babi,0,5224.2383169968925,rap
stay home guys,0,5247.454983663559,rap
makes flow good,1,5258.471650330225,rap
probably underrated album putting,2,5985.738316996893,rap
rap lose current popularity anytime soon,1,5495.9883169968925,rap
released new vid check u look something new,0,5278.038316996893,rap
made free beat guys use make good use,0,5281.138316996892,rap
favourite artists game yous thinking,11,5750.438316996892,rap
u guys think spanish rap wrote,0,5301.604983663559,rap
check freestyles instagram,0,5328.971650330225,rap
best rapper,9,5360.704983663559,rap
spotify rap playlist,0,5388.138316996892,rap
rap freestyle b mus prayed music video,2,5855.788316996894,rap
everybody hate yb,3,5406.454983663559,rap
girls fight blueface instagram stories,0,5406.571650330226,rap
catch vibe rizzla lyrex made first ever hip hop rap chill mashup tried create something instrumentals subtle soothing something drift lounge reminisce vocals cent b g old school add funk flavor hope everyone good space,0,5407.671650330226,rap
nba youngboy unreleased,0,5427.621650330226,rap
ok album called,3,5464.821650330226,rap
mixing mastering first time clients dm,0,5473.104983663559,rap
low key excited hear ms rona influence new music projects anyone else,0,5839.638316996892,rap
girls fight blueface instagram stories,0,5481.904983663559,rap
mcf trell bag official audio,0,5497.321650330226,rap
rap music full interview maureen guest underground radio,0,5520.238316996893,rap
news word quarantine stayathome,0,5540.871650330226,rap
best anime rap songs,0,5544.488316996893,rap
trap beats type beats rap beats hip hop freestyle beats,0,5600.338316996892,rap
time favourite track rapper,1167,7454.9049836635595,rap
eyes closed prod,0,5616.821650330226,rap
first every rap song ive put lot effort,0,5624.221650330224,rap
vote killed kenny whoa,0,5633.338316996892,rap
dripreport skechers official music video prod ouhboy,1,6094.388316996892,rap
ga dedicated nocturne f kcoronavirus fightcoronavirus subtitles,0,5653.571650330226,rap
free lil mosey x iann dior type beat devotion melodic type beat,0,5684.5216503302245,rap
ramen numerals tha colosseum full album stream,0,5915.70498366356,rap
free juice wrld x nick mira type beat overdose,0,5927.638316996892,rap
best way find amateur producers people work,0,5704.238316996893,rap
bbno would baby,0,5931.638316996892,rap
zimmer one call,0,5707.4049836635595,rap
sway luciferous,0,5717.638316996892,rap
hey producer trying work beats guys think,0,5722.238316996893,rap
dababy rockstar ft roddy ricch official video,1,6095.321650330226,rap
let say forced listen one rappers one would listen,2,6195.138316996892,rap
first rap school project,0,5751.25498366356,rap
jessejamziii reincarnation freestyle,0,5987.171650330226,rap
new album real slim shady adam kalis presents shady world part released sometime june probably hopefully,1,5776.7716503302245,rap
original content ibz float dropping new track weekly anyone likes wants hear follow soundcloud,0,6015.871650330226,rap
end collab guy mean seems like spotify bug tbh,2,5797.038316996894,rap
new mixtape liv luv mike vince,0,5810.621650330226,rap
decided editing meme full thing,0,5814.438316996892,rap
light hearted rap coronavirus quarantine,0,5817.188316996892,rap
robb bank criminally underrated police dog k canine k teeth lease leash,0,6051.5216503302245,rap
vibesscity desperate mentality official music video,0,5846.821650330226,rap
lets check new type beat,0,5849.538316996894,rap
money make mistake exclusive music flexin tv,1,6306.438316996892,rap
jay young show mophead tbc new music studio,0,5865.388316996892,rap
made adi,0,5872.071650330226,rap
give opinions,0,5891.0216503302245,rap
yall go support dis beat please,0,5891.071650330226,rap
honest opinions one track,0,5916.688316996892,rap
fake beef confirmed,1,5929.421650330226,rap
personal youtube rap playlist anyone looking new stuff mostly songs lesser known artists emphasis flow lyrical ability opposed production value defined mainstream labels artists,0,5948.95498366356,rap
miss song,0,5953.088316996892,rap
dufflebagboys project like fw suicideboys,0,5961.604983663559,rap
old discord server members got shut join one want chat share music collab,0,5961.938316996892,rap
smokemajor drip ft vilz prod chiveer official video,0,5966.321650330226,rap
best rap songs get girl,1,5968.7716503302245,rap
dwn earth cold,0,6233.938316996892,rap
duane jackson coasting away ft hi rez dizzyeight,0,6234.221650330224,rap
believe stole everybody flow industry song,4,6250.4049836635595,rap
personal youtube rap playlist anyone looking new stuff mostly songs lesser known artists emphasis flow lyrical ability opposed production value defined mainstream labels artists,4,6030.00498366356,rap
coach used rapper,0,6038.788316996894,rap
free lil peep x juice wrld type beat amnesia prod ghoul x yeezo,0,6052.371650330226,rap
gate keeping eminem,0,6055.688316996892,rap
set remixes bro including faucet failure remix love feeling joey bada remix check,0,6059.6549836635595,rap
sisters boyfriends tribute pop smoke,0,6067.971650330224,rap
raw murder music new shit right thank,0,6069.638316996892,rap
carti edit,0,6077.4049836635595,rap
sebdaddysmoov status fresh mil,0,6084.038316996894,rap
dwn earth moonrock,0,6087.621650330226,rap
hey guys remember reddit minute cause moved countries glad back last time gave great tips improving mixes raps went time listen give feedbaaaackl thanks helping keep,0,6111.00498366356,rap
call one writer block wrote last night constant struggle find inspiration lyrical woes,0,6114.938316996892,rap
free zillakami x sosmula type beat wardog prod pinky beatz let know think,0,6116.45498366356,rap
pac biggie,9,6868.804983663559,rap
memefy remember boom bap hip hop,0,6128.938316996892,rap
groovin boulevard jiffy jin part,0,6354.971650330224,rap
sad old school type beat rough sad boom bap type beat boom bap type beat free type beat,0,6355.838316996892,rap
dj kbz frrp music sessions,0,6134.838316996892,rap
dwn earth ice,0,6138.70498366356,rap
mr studios accommodating produced perry deanz,0,6140.354983663559,rap
moshpit type music search destroy drop track give opinions,0,6142.871650330226,rap
starlight lil uzi vert playboi carti famous dex rich kid type beat,1,6144.821650330226,rap
top rap songs march,0,6155.421650330226,rap
free polo g x lil tjay type beat heartless trap instrumental,0,6169.871650330226,rap
free savage x metro boomin type beat jade prod runner,0,6173.2716503302245,rap
best age start music,2,6543.604983663559,rap
bro fire beats kill,0,6189.121650330226,rap
check bro fire beats,0,6190.138316996892,rap
check bro fire beats,0,6190.70498366356,rap
check bro fire beats,0,6191.6549836635595,rap
free iann dior x juice wrld type beat low,0,6433.338316996892,rap
released song rhyme scheme never changes constructive criticism welcome,0,6226.371650330226,rap
check new song guys,0,6248.321650330226,rap
drake toosie slide,0,6474.9049836635595,rap
gil scott heron became godfather hiphop,0,6259.554983663559,rap
flo entry back time ft lisha b rap detroit rap,0,6279.571650330226,rap
fresh dababy zaytoven type beat racked original,0,6300.45498366356,rap
area codes,0,6304.921650330226,rap
something put together fun animation instrumental work lyrics song,0,6305.438316996892,rap
rap playlist skips,0,6336.804983663559,rap
lil booj side eye prod caps ctrl x shrpness,0,6370.438316996892,rap
dance synthwave rap beat,0,6383.4049836635595,rap
eminem goat glad become soundcloud rapper cuz probably would look like mean come,3,6393.338316996892,rap
jay flame death note official audio,0,6413.054983663559,rap
thought ynw mellys imprisonment,2,6640.821650330226,rap
check bro fire beats,0,6191.721650330224,rap
u know turkish rap,0,6421.171650330226,rap
strizzy strauss feat sunsun son man prod f f b new,0,6443.1549836635595,rap
dababy making kids music guess,28,8356.804983663558,rap
mr want rap one locate ask please someone rap musical vocal embellishments,0,6899.95498366356,rap
em,0,7169.804983663559,rap
critic lyrics,0,6479.6549836635595,rap
help,0,6480.1549836635595,rap
vinyl need add collection,3,7532.721650330224,rap
dropped earl sweatshirt type track let know feedback also yea know mixing absolute shit workin,0,6486.938316996892,rap
eminem new album music murdered spotify,3,6489.638316996892,rap
free belis x playboi carti type beat vanity prod kalex,0,6494.171650330226,rap
westside gunn sound like action bronson,4,6787.0216503302245,rap
turkish rap,0,6588.4049836635595,rap
free dababy roddy ricch gunna type beat prod,0,6614.421650330226,rap
would yall rather see fight,0,6852.95498366356,rap
anyone think weird,2,6654.638316996892,rap
better rapper,0,6672.95498366356,rap
name good rap songs electric guitar samples,0,6673.1549836635595,rap
oc makes classic hip hop album looked gkmc mmlp show think rules classic hip hop album appreciate check,1,7168.5216503302245,rap
xxl tweet,2,6983.921650330226,rap
best decade rap,0,6984.921650330226,rap
rappers rap mumble rap ruining hip hop original mumble rappers dissing,2,7125.588316996892,rap
thanks u voted tournament appreciate lot try find vote want whatever guess,0,6795.738316996893,rap
round poll section,0,6797.2716503302245,rap
round poll section,0,6797.9049836635595,rap
round poll section,0,6798.438316996892,rap
round poll section,0,6799.1549836635595,rap
round poll section,0,6799.604983663559,rap
round poll section,0,6800.071650330226,rap
round poll section,0,6800.588316996892,rap
im new school rappers tournament u could vote would great tournament round poll section,2,6802.488316996893,rap
nas ny state mind jazz version,0,6808.038316996894,rap
new music video,0,6812.838316996892,rap
anyone know dj behind music doomsday mf doom,1,7040.438316996892,rap
best place promote music videos,0,6817.488316996893,rap
lio wonder,0,6829.171650330226,rap
check song,0,7072.7716503302245,rap
n homie unconventional cut mind giving listen,0,6880.238316996893,rap
day quarantine rapping random people omegle,0,7408.238316996893,rap
message grandmaster flash original beat sample,0,7267.738316996893,rap
favorite album released,5,7138.438316996892,rap
music reaction channel,0,7163.971650330224,rap
someone please let know name song beat belongs sounds familiar also judge going little nostalgia trip,0,6946.138316996892,rap
favorite rap song,0,6957.571650330226,rap
new song stay away,0,6968.0216503302245,rap
scottish rap please rate lyrics flow beat fairly new recording vocals know mastered well testing waters,0,7213.2716503302245,rap
https soundcloud com makaris delver warn masses,1,7226.75498366356,rap
kadiduzit x ar x dababy free type beat cream,0,7013.988316996893,rap
free hard freestyle flute type beat automatic,0,7023.054983663559,rap
review newest kid cudi track leader delinquents everyone else think,0,7058.25498366356,rap
ramen numerals x elias turn way,0,7330.054983663559,rap
dropped song looking feedback,0,7118.2716503302245,rap
year old rapper drops new single insane,0,7135.20498366356,rap
kojo f ft danny vibz wanga lee dope trap hip hop,0,7137.338316996892,rap
luna angels crying,1,7153.70498366356,rap
lebron rapping ni paris touring china summer,0,7153.854983663559,rap
better drill,1,7158.821650330226,rap
jhand hindi rap song hash company,0,7398.1549836635595,rap
decadez one time official music video,0,7186.288316996894,rap
need name rap song please,0,7420.304983663559,rap
new happy old school beat,0,7202.804983663559,rap
playboi carti songs,0,7203.971650330224,rap
swami cocoa,0,7209.50498366356,rap
quarantunessss,0,7223.00498366356,rap
think sidewalk challenge check instagram xchrishorizonx,0,7225.338316996892,rap
good playlist follow want,0,7227.70498366356,rap
world greatest hip hop playlist hrs daily updates,0,7229.221650330224,rap
anybody listening rap music definitely needs check song blowing right tiktok nike air ft prenobaby,0,7231.054983663559,rap
check cry,0,7236.688316996892,rap
free juice wrld x post malone type beat burned emotional guitar type beat,0,7243.888316996892,rap
machine gun kelly smoke drive,1,7251.221650330224,rap
thought lil uzi started tik tok trend new patek without knowing,0,7252.938316996892,rap
lot think uk rap general,0,7254.338316996892,rap
freestyle earlier freestyled main vocal layered,0,7278.554983663559,rap
wiggas stankonia,2,7305.7716503302245,rap
yr old,0,7758.604983663559,rap
looking boost plays,0,7307.871650330226,rap
made first beat kind simple would like feedback,0,7334.75498366356,rap
samurai champloo x nujabes type beat misguided prod double,0,7360.171650330226,rap
free poorstacy x iann dior type beat broken prod ghoul x nick mira,0,7366.121650330226,rap
new channel focused underground rappers,0,7366.371650330226,rap
new song,0,7385.2716503302245,rap
kid laroi lil tjay fade away,0,7411.838316996892,rap
time least favourite rapper,4629,9258.171650330225,rap
thoughts trap beat good honest plz,1,7422.188316996892,rap
tory lanez needs love,0,7432.888316996892,rap
moshpit type music search destroy drop track give opinions,0,7434.088316996892,rap
help,0,7438.604983663559,rap
best rapper poll go vote sweet,0,7440.00498366356,rap
free playboi carti x lil uzi vert type beat chrome heart prod pinky beatz,0,7443.354983663559,rap
eternity big amounts rap,0,7448.688316996892,rap
free playboi carti x pierre bourne x fendiglock type beat stars prod ayolawd x chronic,0,7481.571650330226,rap
sea high lockdown ft mega citizen black,0,7487.438316996892,rap
really enjoy covering rap songs drums snoop dogg feedback appreciated,0,7488.9049836635595,rap
back,0,7496.288316996894,rap
follow spotify,0,7498.304983663559,rap
sylence,0,7501.671650330226,rap
made rap music video diss rapper brother,0,7502.4049836635595,rap
song request,0,7522.288316996894,rap
yung osk teekay,0,7522.338316996892,rap
made post two weeks ago best verse shit got rethinking sleep westside gunn really one best slept rappers game rn along kaan blu,0,7544.20498366356,rap
whip one album drop letss goooo,0,7560.2716503302245,rap
free savage summer walker toliver type beat,0,7579.604983663559,rap
check ep,0,7581.171650330226,rap
spaceghostpurrp sample music without getting copyright even tho artists seem source contact,1,7588.1549836635595,rap
check,0,7615.6549836635595,rap
free iann dior x juice wrld type beat japan,0,7842.638316996892,rap
gonna tell people give shit chance cause good artist,3,7851.938316996892,rap
listen toward end actual bars best flow listen madness haha,0,7626.371650330226,rap
help make rap name,2,7632.054983663559,rap
discussion,0,7651.238316996893,rap
tech dropped album holy fuck love fbz,0,7652.838316996892,rap
return playboi carti short film,0,7653.388316996892,rap
guys please suggest rap name,2,7666.221650330224,rap
original rap quarantine,0,7687.288316996894,rap
best rap name use,1,7690.821650330226,rap
million r farid bang type beat,0,7691.088316996892,rap
best homonym homophone heard rapper use,7,7924.821650330226,rap
hellhound militia x dark trap type beat incursio prod unknwn,0,7699.9049836635595,rap
wanted add limit many designs many albums yall recognize,4,8293.688316996891,rap
carti uzi new beef fake na,0,7730.421650330226,rap
mzilla fxck,0,7731.871650330226,rap
joe budden goes ig live swizz beatz morning,0,7746.921650330226,rap
jay z type beat shift free type beat boom bap type beat,0,7773.1549836635595,rap
trippie redd x lil uzi vert type beat test,0,7787.671650330226,rap
michi name gold,0,7802.50498366356,rap
need help,0,7817.871650330226,rap
rafiq chique get horns freestyle,0,7819.921650330226,rap
vvisdom year old rapper,0,7836.75498366356,rap
go check friend rap dude gooooood trust regret,3,7846.5216503302245,rap
bandana freddie gibbs madlib,0,7883.121650330226,rap
cousin dropped rona track check,2,7885.338316996892,rap
hook absolute banger,0,7931.838316996892,rap
best scott storch hiphop rnb mix,1,7940.471650330224,rap
new song real dumb,0,7942.638316996892,rap
new ra rugged man wild,2,8303.438316996891,rap
billy woods camouflage release,0,8035.4049836635595,rap
feeling listen,1,8065.4049836635595,rap
kinda hard ngl watchu think,0,8116.138316996892,rap
dababy talk instrumental best one,0,8362.35498366356,rap
kupid nobody prod afrix,0,8141.738316996893,rap
goldie call official video,0,8372.45498366356,rap
eto beauty vinyl lp otw via fxck rxp,0,8152.421650330226,rap
reminds uzis venetia love,0,8153.688316996892,rap
copped today walmart beatiful dark twisted fantasy man moon rodeo ye delivered soon well,37,9893.588316996893,rap
better song new beef gawne sfj,0,8186.2716503302245,rap
sorting new,0,8216.60498366356,rap
hook trap rap,3,8270.121650330226,rap
rapper name,6,8673.421650330225,rap
able big boy music ft archaeologists,0,8320.371650330226,rap
playboi carti dripped new song meh,1,9000.138316996892,rap
still kinda bummed find album spotify anymore,1,8335.288316996892,rap
got bored wrote quarantine rap rap,2,8564.371650330226,rap
rappers go jam lyrical guys like kendrick em wanna vibe listen,9,8699.238316996893,rap
carti said felt,1,8951.971650330226,rap
rocky crime,0,8387.421650330225,rap
girl loved broke heart,0,8394.821650330226,rap
deleon da uglyboi presents happy hour,0,8405.771650330225,rap
unpopular opinion much fun young thug best album,3,8640.45498366356,rap
dear white people prefer tupac biggie,2,8422.838316996893,rap
lot rappers match,1,8428.371650330226,rap
chillest song ive heard,0,8429.95498366356,rap
westside gunn pray paris full album youtube,0,8433.338316996893,rap
friend series youtube podcast called worst determine lowest rated album popular artist review mean terrible album still give albums chance case us reviewing j cole kod check,0,8448.554983663558,rap
playlist names,2,8460.60498366356,rap
corona rap must watch,0,8460.771650330225,rap
iiv rapgod,0,8469.971650330226,rap
free iann dior x juice wrld type beat nothing guitar type beat,0,8470.021650330225,rap
friends new mixtape ep,2,8471.788316996892,rap
ricky bombay coronation,0,8488.821650330226,rap
effort,0,8490.15498366356,rap
lo fi quarantine beats,0,8525.321650330226,rap
ironic af,0,8530.521650330225,rap
ironic af,0,8530.688316996891,rap
new group,0,8542.888316996892,rap
ghost writer,0,8543.754983663559,rap
write hook chorus save life,2,8792.138316996892,rap
listening g herbo lot lately,1,8602.021650330225,rap
rap opinion nothing wrong old school new school rap great,6,8828.171650330225,rap
big poppa sample,0,8602.65498366356,rap
duane jackson whats poppin freestyle,0,8629.85498366356,rap
duece amillie freestyle top music video,0,8634.838316996893,rap
new banger incoming,2,8665.288316996892,rap
tupid young type beat witness produced heat cash gordon,0,8689.888316996892,rap
time favourite rapper,6365,10647.738316996893,rap
free playboi carti x pierre bourne type beat freefall prod runner x kabeh,0,8741.871650330226,rap
free juice wrld type beat blazers,0,8977.85498366356,rap
free hard travis scott x savage type beat supernatural prod,0,8776.60498366356,rap
gangsta rap songs recklessly trade stocks,0,8790.721650330226,rap
chvse,0,8800.054983663558,rap
free playboi carti x lil uzi vert eternal meh type beat,0,8815.971650330226,rap
yoo thoughts,1,8823.921650330225,rap
making vid surface,0,9058.821650330226,rap
youtube,0,8856.238316996893,rap
zimmer stars,0,8864.554983663558,rap
playboi carti meh sub espa ol,0,8864.571650330226,rap
rapzone,1,8867.821650330226,rap
dark depressing rap songs suggestions,3,8871.304983663558,rap
playboi carti meh,0,8874.254983663559,rap
california party instrumental free beat,0,8875.688316996891,rap
new hip hop mashup king tony lil gune,0,8948.10498366356,rap
free savage travis scott king von type beat,0,8952.338316996893,rap
new fire artist,0,8956.171650330225,rap
j moris blac february,0,8959.70498366356,rap
wlr tracklist via genius,0,8985.20498366356,rap
good,0,9002.004983663559,rap
smokemajor flowing,0,9012.054983663558,rap
ssjmelo search destroy opinions,0,9012.821650330226,rap
made juice wrld remix syphilis,0,9032.95498366356,rap
got new heat called run love freestyle,0,9038.938316996891,rap
looking rap song,0,9048.088316996893,rap
got flow,0,9057.621650330226,rap
looking boost plays,0,9065.888316996892,rap
decided write song whole covid situation crazy time live help save lives im new rapping would great get pointers tips thanks,1,9437.471650330226,rap
free sad type beat guitar trap instrumental broken,0,9091.804983663558,rap
common concept haters rap hip hop,4,9454.888316996892,rap
producer latter half city morgue vol gotta worst producer tag ever manic laughing lasts like fucking seconds almost ruins songs,0,9097.171650330225,rap
feel raw flows lyrical bars hip hop bars playlist spotify headphones please,0,9099.70498366356,rap
supafly mante nothing,1,9101.85498366356,rap
free joyner lucas x jid type beat prince,0,9107.821650330226,rap
made cool collage photo albums listening recently,6,10186.721650330226,rap
n kc z,0,9155.671650330225,rap
dj swift made song producing majority nba youngboy hits,0,9159.65498366356,rap
tommy ice hold prod frigid,0,9163.421650330225,rap
everybody loves raymond,0,9521.504983663559,rap
prison tales florida goon spends years prison part,0,9174.038316996892,rap
old good,20,11112.004983663559,rap
internets hardest working bedroom rapper,0,9418.438316996891,rap
free tay keith x key glock type beat god ft young dolph rap trap instrumental,0,9253.988316996893,rap
mask corona version covid anthem parody future mask coronavirus era forget wipe,0,9535.521650330225,rap
lil candy paint twenty two,0,9338.004983663559,rap
song,0,9565.071650330226,rap
perfect tapes festival project,1,9699.321650330226,rap
eminem like though,1,10301.288316996892,rap
uzzy snubbz x mozzy x mozzy twin streets,0,9569.588316996893,rap
anyone need mixing,0,9571.821650330226,rap
help find song,6,9579.754983663559,rap
uk rap spotify playlist always updated,0,9364.621650330226,rap
ybn nahmir relations,0,9367.95498366356,rap
thoughts,0,9594.788316996892,rap
gothurted miss time spent together ft zxlone,0,9595.15498366356,rap
turbo light speed,0,9597.921650330225,rap
polo g exposed music video unreleased song,0,9380.288316996892,rap
new rap,0,9385.621650330226,rap
ybn almighty jay chopsticks,0,9388.888316996892,rap
trippie redd talent show ig live guy chad report literally eats shit ft trippie,0,9615.95498366356,rap
wanted share local artist victoria bc,0,9646.688316996891,rap
released song sound cloud yesterday go check,0,9648.221650330226,rap
free key glock type beat gucci ft young dolph rap trap instrumental,0,9442.804983663558,rap
fresh piati sns trenches trap ep,0,9670.054983663558,rap
made mix p xo tour lif first one seen done right,2,10014.071650330226,rap
good enough spotify release,2,9891.238316996893,rap
suicidal remix ynw melly feat juice wrld,3,9831.221650330226,rap
lil xan raw chicken,0,10417.138316996892,rap
think kanye appreciated track,0,9694.288316996892,rap
tom green freestyle diss track,0,9696.65498366356,rap
wavy type beat roddy rich x lil baby type beat free,0,9703.60498366356,rap
looking music add playlist,4,9943.138316996892,rap
fun fact addison rae share birthday going song since one made one dixie de amelio would love check released itttttt,0,9757.338316996893,rap
run c,0,9988.221650330226,rap
trying find specific song,2,9779.85498366356,rap
dre,0,9787.971650330226,rap
lil pump actually bad people say,3,9811.038316996892,rap
bum radio,0,9811.071650330226,rap
shot makeshift music video covid outbreak lmk think,0,9818.121650330226,rap
lj penny drop,0,9829.971650330226,rap
corona rap must watch,1,9850.271650330225,rap
first music video,2,9872.838316996893,rap
trap beats type beats rap beats hip hop freestyle beats,0,9873.371650330226,rap
album would consider perfect album,3,9874.054983663558,rap
rap reddit feel trippie redd,4,9880.688316996891,rap
get please leave like comment u enjoyed,0,9913.988316996893,rap
joe exotic trap banger,0,9920.271650330225,rap
make rap songs,3,9922.938316996891,rap
would appreciate feedback track made see,2,9969.15498366356,rap
free sad juice wrld type beat white lies prod kalex,0,9974.621650330226,rap
free iann dior x lil uzi vert type beat billboard,0,10206.60498366356,rap
know im crazy yall think lil mosey buying streams,9,9992.004983663559,rap
discord server song battles guys would vote battles eventually battle joined,0,9997.271650330225,rap
predatxr vimh music video,1,10015.388316996892,rap
bro dropped absolute banger miss give listen send feedback,5,10376.771650330225,rap
snippet new single run away feedback would much appreciated anyone interested work artist future pls lmk,0,10251.588316996893,rap
duane jackson pretty toxic revolver remix,0,10030.40498366356,rap
made wallpaper based acid rap instagram danisdsgn,0,10264.10498366356,rap
take money ezy x bars,0,10042.538316996892,rap
thanks vr game find song,0,10071.338316996893,rap
opinion token,2,10073.804983663558,rap
lil wayne autograph still music tour ebay,0,10082.188316996891,rap
free guitar trippie redd x juice wrld type beat unheard pr,0,10086.088316996893,rap
new local atlanta music,0,10101.471650330226,rap
rap,0,10104.971650330226,rap
rate please need help need feedback,1,10113.95498366356,rap
anyone needs beats check youtube channel post new rap beats every day,0,10114.871650330226,rap
violinist kills cover life good future drake,0,10119.254983663559,rap
download song friend coming new album weekend,0,10136.60498366356,rap
playlist french rap,1,10372.121650330226,rap
j cole forest hills drive throwback album review,0,10381.038316996892,rap
ynw melly loyalty ft ysl rich pablo official audio,0,10400.638316996892,rap
share beginner rapper argentina title artist song el zanto un deseo enjoy,0,10175.15498366356,rap
kilo ride wit prod ytg,4,10187.788316996892,rap
life good feat drake done right remake,0,10189.571650330226,rap
dropped new single lmk think,0,10421.388316996892,rap
good trap anyone comes give strength please,0,10197.571650330226,rap
reap traprap whorechestra,0,10198.571650330226,rap
anyone know beat either songs feel know somewhat old school french tunes bangers still,0,10211.321650330226,rap
new rap g funk,0,10442.988316996893,rap
lil darkie rap music prod wendigo music video,0,10235.138316996892,rap
want listen good rap,0,10244.238316996893,rap
u know u know,1,11007.971650330228,rap
real conservative real slim shady remix,0,10277.70498366356,rap
geto boys fans,0,10990.571650330226,rap
wrote years ago used get high mates try write funny stuff nothing serious,0,10334.538316996892,rap
unofficial discord server rap,0,10335.688316996891,rap
ssjmelo search destroy opinions latest release,0,10346.538316996892,rap
logan paul,0,10354.65498366356,rap
costa rica swipe visa im gonna millionair eat crab eat shrimp eat crab number one buissnes plan,0,10357.554983663558,rap
lessons dr dre,0,10360.60498366356,rap
top lil peep songs,0,10360.804983663558,rap
night lovell x netuh type beat pandora box prod unknwn,3,10617.288316996892,rap
check brand new review quarantine marq,0,10395.088316996893,rap
r p pac shakur,20,12315.938316996891,rap
bloody trail prod glockley,0,10401.038316996892,rap
free youngn lipz toliver lil tjay type beat,0,10419.304983663558,rap
hi guys new playlist available originla playlist wich change every day composed french rap us rap make discover new songs new culture every day hope enjoy,0,10436.004983663559,rap
easy get independently making music come think light end cause everytime upload get around subs means everytime upload grow ok need know post grow make better songs anyway hope like,0,10447.788316996892,rap
rappers nba,0,10469.504983663559,rap
released first mixtape today lookin feedback,0,10484.45498366356,rap
rona fiona race tracked day tona,0,10516.40498366356,rap
doggystyle gruvanieo,0,10529.038316996892,rap
sorry seems little weird messing around going top head packed one hella wordplay,0,10537.304983663558,rap
king blueprint slow,0,10537.721650330226,rap
groupchat,0,10542.621650330226,rap
heyo released new song soundcloud looking criticisms advice tried bit different mixing style thank u,0,10544.088316996893,rap
came,0,10577.85498366356,rap
kid laroi moving ft lil skies music video,0,10808.90498366356,rap
grime time,0,10593.521650330225,rap
fresh b mus coldsummerchallenge,0,10831.90498366356,rap
devin dude live wanna,0,10610.488316996893,rap
sale eminem name original european release cd single custom framed photocopy original lyric sheet replica pens,3,10610.504983663559,rap
hot new shit jody highroller takes back older paul wall houston shit,0,10670.888316996892,rap
paris stutzydripgod,0,10695.271650330225,rap
bars stutzydripgod,0,10696.004983663559,rap
money stutzydripgod,0,10700.288316996892,rap
free lil keed x gunna x lil gotit type beat level prod wristyboi x ferno,0,10727.85498366356,rap
amin feat gunna hiccup,0,10738.221650330226,rap
anyone tryna start rap group ohio dm interested looking vocalists anyone make beats produce also invited reply,0,11107.90498366356,rap
day trip old school gangster instrumental hiphop,0,10799.021650330225,rap
schwog released new tape titled invisible enemy platforms check fire,0,10808.40498366356,rap
lesito impressed prod official music video,0,10812.071650330226,rap
favourite mixtape,6,11204.45498366356,rap
pdk go,0,10869.338316996893,rap
pdk dry spit,0,10870.338316996893,rap
perfect visuals beat,0,10890.95498366356,rap
like,0,12078.488316996893,rap
unknwn avrxra,0,10913.738316996893,rap
strate soundcloud,0,10920.488316996893,rap
bad titles,4,12168.271650330225,rap
wife left cause im insecure,0,10949.538316996892,rap
free migos cardi b type beat narcos,0,10976.754983663559,rap
devin dude wanna album version,1,11355.054983663556,rap
rapper model chynna rogers died accidental overdose autonom inc,0,11029.271650330225,rap
child rapper summer ish,0,11035.45498366356,rap
kastri ft bradley scott hahaha,0,11110.888316996892,rap
ready move w made isolation prod dooneygotbeats mo duub,0,11118.70498366356,rap
lil tecca type beat,1,11380.188316996891,rap
thottwattribute,0,11166.35498366356,rap
insta sharing tunes wanna,0,11178.188316996891,rap
kadiduzit x dababy free type beat baby born,0,11185.121650330228,rap
guys think rap song,0,11198.721650330228,rap
hrs best hip hop hip hop classics daily updates,0,11244.188316996891,rap
audi smokepurpp similar feel ski,0,11244.95498366356,rap
grizzon th c p freestyle,0,11253.188316996891,rap
anyone heard songs like alone weekend link playlist making inspired song wanna get feel going thx safe,0,11257.838316996893,rap
free kid laroi x lil tecca type beat ace prodbymeech,0,11516.238316996893,rap
ben shooting draco hellcat,1,11301.35498366356,rap
verse verse battle rakim big daddy kane best,3,11527.15498366356,rap
looking collabs hit ur interested,0,11350.938316996891,rap
lol,14,13358.038316996892,rap
travis scott,0,11371.671650330225,rap
help,0,11380.221650330228,rap
hey guys made music ten years fell drugs clean years makin tunes appreciate feedback probably best headphones instagram pdktoronto,1,11398.588316996893,rap
rappers fake freestyles,2,11400.65498366356,rap
go ahead take listen,0,11416.888316996892,rap
sample music old video games artists singing different genre without instrumental,2,11427.171650330225,rap
life lately drum vlog rap drum cover,0,11440.40498366356,rap
pop smoke serena unreleased,1,11965.221650330228,rap
free iann dior x juice wrld type beat grail guitar type beat,0,11456.254983663559,rap
mdma arcadia,0,11682.70498366356,rap
made worst song time making whole album full track https soundcloud com harvey taylor ehr wav,0,11466.621650330228,rap
artists hustling put music quarantine,5,11825.238316996893,rap
free juice wrld piano type beat color blind prod kalex,0,11472.938316996891,rap
young nudy x pierre bourne type beat,0,11723.938316996891,rap
rap artists best fanmade merch,0,11511.35498366356,rap
tupac inspired start rapping heard,0,11522.988316996893,rap
hey guys verse logic ultra violent released days ago would mean lot could check recorded february lot working lot working improving enjoy,0,11529.85498366356,rap
sam one corona anthem official video,0,11542.288316996892,rap
ynw melly,0,11547.271650330225,rap
hyped af,0,11554.054983663556,rap
let know comments,1,11559.521650330225,rap
krishendo survive day prod ovve,0,11588.588316996893,rap
let know like boys,0,11602.288316996892,rap
happy rd birthday playboi carti date playboicarti released debut commercial mixtape,0,11609.721650330228,rap
rooff,0,11627.054983663556,rap
fire quarantine pop uplift spirits verygay veryfire,0,11630.15498366356,rap
kodak black type beat fire sample,0,11869.35498366356,rap
wicked kid welcome circus aesthetic video,0,11897.20498366356,rap
juice wrld type beat shooting star prod double,0,11677.988316996893,rap
question,2,12039.021650330225,rap
free hard eminem type beat thought,0,11685.238316996893,rap
get beats,1,11686.638316996892,rap
spitting bars car starting type beat,0,11914.088316996893,rap
free iann dior x juice wrld type beat pour,0,11915.271650330225,rap
rappers wish could make beats like kanye j cole,0,11918.338316996893,rap
another number one drake,0,11931.471650330228,rap
pi erre bourne ah ah ahh,0,11714.70498366356,rap
nada excuse blood official music video masked faces,0,11716.838316996893,rap
real story rap,0,11730.671650330225,rap
new music,4,11738.938316996891,rap
late nights pa stormin feeling alright,0,11740.471650330228,rap
anyone knows name song please please lmk help find,0,11967.304983663556,rap
ssjmelo search destroy opinions latest release,0,11754.038316996892,rap
guys give yall opinon lil baby beat please,0,11982.171650330225,rap
sorry bother new song cap right fire preview link listen understand wave https songwhip com song cybadiss cap prod blank,1,11766.321650330226,rap
free drake tay keith offset type beat pr,0,11774.638316996892,rap
gucci spaceship lil transgender,0,11777.321650330226,rap
looking vinyl gift please help,0,11782.554983663556,rap
found guy youtube,0,11783.121650330228,rap
dame dash reclaiming throne,0,11787.071650330226,rap
made new song maybe want hear,0,11787.338316996893,rap
new playlist original concept,0,11808.45498366356,rap
